{"trial_id": "00", "hyperparameters": {"space": [{"class_name": "Choice", "config": {"name": "unit_1", "default": 64, "conditions": [], "values": [64, 128, 256], "ordered": true}}, {"class_name": "Float", "config": {"name": "dropout_1", "default": 0.1, "conditions": [], "min_value": 0.1, "max_value": 0.5, "step": 0.1, "sampling": "linear"}}, {"class_name": "Choice", "config": {"name": "unit_2", "default": 32, "conditions": [], "values": [32, 64, 128], "ordered": true}}, {"class_name": "Float", "config": {"name": "dropout_2", "default": 0.1, "conditions": [], "min_value": 0.1, "max_value": 0.5, "step": 0.1, "sampling": "linear"}}, {"class_name": "Choice", "config": {"name": "learning_rate", "default": 0.001, "conditions": [], "values": [0.001, 0.0005, 0.0001], "ordered": true}}], "values": {"unit_1": 256, "dropout_1": 0.5, "unit_2": 128, "dropout_2": 0.5, "learning_rate": 0.0005}}, "metrics": {"metrics": {"loss": {"direction": "min", "observations": [{"value": [0.43101614713668823], "step": 3}]}, "accuracy": {"direction": "max", "observations": [{"value": [0.8382587432861328], "step": 3}]}, "val_loss": {"direction": "min", "observations": [{"value": [0.760698139667511], "step": 3}]}, "val_accuracy": {"direction": "max", "observations": [{"value": [0.7419386506080627], "step": 3}]}}}, "score": 0.7419386506080627, "best_step": 3, "status": "COMPLETED", "message": null}