{"trial_id": "17", "hyperparameters": {"space": [{"class_name": "Choice", "config": {"name": "unit_1", "default": 64, "conditions": [], "values": [64, 128, 256], "ordered": true}}, {"class_name": "Float", "config": {"name": "dropout_1", "default": 0.1, "conditions": [], "min_value": 0.1, "max_value": 0.5, "step": 0.1, "sampling": "linear"}}, {"class_name": "Choice", "config": {"name": "unit_2", "default": 32, "conditions": [], "values": [32, 64, 128], "ordered": true}}, {"class_name": "Float", "config": {"name": "dropout_2", "default": 0.1, "conditions": [], "min_value": 0.1, "max_value": 0.5, "step": 0.1, "sampling": "linear"}}, {"class_name": "Choice", "config": {"name": "learning_rate", "default": 0.001, "conditions": [], "values": [0.001, 0.0005, 0.0001], "ordered": true}}], "values": {"unit_1": 256, "dropout_1": 0.1, "unit_2": 128, "dropout_2": 0.1, "learning_rate": 0.001}}, "metrics": {"metrics": {"loss": {"direction": "min", "observations": [{"value": [0.343001127243042], "step": 2}]}, "accuracy": {"direction": "max", "observations": [{"value": [0.8671362400054932], "step": 2}]}, "val_loss": {"direction": "min", "observations": [{"value": [0.8322111964225769], "step": 2}]}, "val_accuracy": {"direction": "max", "observations": [{"value": [0.7407625317573547], "step": 2}]}}}, "score": 0.7407625317573547, "best_step": 2, "status": "COMPLETED", "message": null}