{"trial_id": "10", "hyperparameters": {"space": [{"class_name": "Choice", "config": {"name": "unit_1", "default": 64, "conditions": [], "values": [64, 128, 256], "ordered": true}}, {"class_name": "Float", "config": {"name": "dropout_1", "default": 0.1, "conditions": [], "min_value": 0.1, "max_value": 0.5, "step": 0.1, "sampling": "linear"}}, {"class_name": "Choice", "config": {"name": "unit_2", "default": 32, "conditions": [], "values": [32, 64, 128], "ordered": true}}, {"class_name": "Float", "config": {"name": "dropout_2", "default": 0.1, "conditions": [], "min_value": 0.1, "max_value": 0.5, "step": 0.1, "sampling": "linear"}}, {"class_name": "Choice", "config": {"name": "learning_rate", "default": 0.001, "conditions": [], "values": [0.001, 0.0005, 0.0001], "ordered": true}}], "values": {"unit_1": 64, "dropout_1": 0.2, "unit_2": 32, "dropout_2": 0.2, "learning_rate": 0.0005}}, "metrics": {"metrics": {"loss": {"direction": "min", "observations": [{"value": [0.5291149020195007], "step": 3}]}, "accuracy": {"direction": "max", "observations": [{"value": [0.7967522740364075], "step": 3}]}, "val_loss": {"direction": "min", "observations": [{"value": [0.740112841129303], "step": 3}]}, "val_accuracy": {"direction": "max", "observations": [{"value": [0.7314515113830566], "step": 3}]}}}, "score": 0.7314515113830566, "best_step": 3, "status": "COMPLETED", "message": null}