{"trial_id": "02", "hyperparameters": {"space": [{"class_name": "Choice", "config": {"name": "unit_1", "default": 64, "conditions": [], "values": [64, 128, 256], "ordered": true}}, {"class_name": "Float", "config": {"name": "dropout_1", "default": 0.1, "conditions": [], "min_value": 0.1, "max_value": 0.5, "step": 0.1, "sampling": "linear"}}, {"class_name": "Choice", "config": {"name": "unit_2", "default": 32, "conditions": [], "values": [32, 64, 128], "ordered": true}}, {"class_name": "Float", "config": {"name": "dropout_2", "default": 0.1, "conditions": [], "min_value": 0.1, "max_value": 0.5, "step": 0.1, "sampling": "linear"}}, {"class_name": "Choice", "config": {"name": "learning_rate", "default": 0.001, "conditions": [], "values": [0.001, 0.0005, 0.0001], "ordered": true}}], "values": {"unit_1": 64, "dropout_1": 0.30000000000000004, "unit_2": 64, "dropout_2": 0.4, "learning_rate": 0.001}}, "metrics": {"metrics": {"loss": {"direction": "min", "observations": [{"value": [0.47497135400772095], "step": 2}]}, "accuracy": {"direction": "max", "observations": [{"value": [0.8179799318313599], "step": 2}]}, "val_loss": {"direction": "min", "observations": [{"value": [0.7592180371284485], "step": 2}]}, "val_accuracy": {"direction": "max", "observations": [{"value": [0.7408605217933655], "step": 2}]}}}, "score": 0.7408605217933655, "best_step": 2, "status": "COMPLETED", "message": null}