{"trial_id": "08", "hyperparameters": {"space": [{"class_name": "Choice", "config": {"name": "unit_1", "default": 64, "conditions": [], "values": [64, 128, 256], "ordered": true}}, {"class_name": "Float", "config": {"name": "dropout_1", "default": 0.1, "conditions": [], "min_value": 0.1, "max_value": 0.5, "step": 0.1, "sampling": "linear"}}, {"class_name": "Choice", "config": {"name": "unit_2", "default": 32, "conditions": [], "values": [32, 64, 128], "ordered": true}}, {"class_name": "Float", "config": {"name": "dropout_2", "default": 0.1, "conditions": [], "min_value": 0.1, "max_value": 0.5, "step": 0.1, "sampling": "linear"}}, {"class_name": "Choice", "config": {"name": "learning_rate", "default": 0.001, "conditions": [], "values": [0.001, 0.0005, 0.0001], "ordered": true}}], "values": {"unit_1": 256, "dropout_1": 0.2, "unit_2": 32, "dropout_2": 0.5, "learning_rate": 0.0005}}, "metrics": {"metrics": {"loss": {"direction": "min", "observations": [{"value": [0.5080859661102295], "step": 4}]}, "accuracy": {"direction": "max", "observations": [{"value": [0.8081340193748474], "step": 4}]}, "val_loss": {"direction": "min", "observations": [{"value": [0.8148233294487], "step": 4}]}, "val_accuracy": {"direction": "max", "observations": [{"value": [0.7266490459442139], "step": 4}]}}}, "score": 0.7266490459442139, "best_step": 4, "status": "COMPLETED", "message": null}