[{"trial_id": "03", "score": 0.7434087991714478, "unit_1": 64, "dropout_1": 0.30000000000000004, "unit_2": 128, "dropout_2": 0.5, "learning_rate": 0.0005}, {"trial_id": "00", "score": 0.7419386506080627, "unit_1": 256, "dropout_1": 0.5, "unit_2": 128, "dropout_2": 0.5, "learning_rate": 0.0005}, {"trial_id": "11", "score": 0.7419386506080627, "unit_1": 128, "dropout_1": 0.4, "unit_2": 64, "dropout_2": 0.5, "learning_rate": 0.001}, {"trial_id": "19", "score": 0.741252601146698, "unit_1": 128, "dropout_1": 0.30000000000000004, "unit_2": 64, "dropout_2": 0.5, "learning_rate": 0.001}, {"trial_id": "09", "score": 0.7409585118293762, "unit_1": 256, "dropout_1": 0.30000000000000004, "unit_2": 128, "dropout_2": 0.4, "learning_rate": 0.001}, {"trial_id": "02", "score": 0.7408605217933655, "unit_1": 64, "dropout_1": 0.30000000000000004, "unit_2": 64, "dropout_2": 0.4, "learning_rate": 0.001}, {"trial_id": "17", "score": 0.7407625317573547, "unit_1": 256, "dropout_1": 0.1, "unit_2": 128, "dropout_2": 0.1, "learning_rate": 0.001}, {"trial_id": "16", "score": 0.7395864129066467, "unit_1": 64, "dropout_1": 0.1, "unit_2": 64, "dropout_2": 0.1, "learning_rate": 0.0005}, {"trial_id": "18", "score": 0.7388023138046265, "unit_1": 64, "dropout_1": 0.30000000000000004, "unit_2": 32, "dropout_2": 0.1, "learning_rate": 0.001}, {"trial_id": "05", "score": 0.7381162643432617, "unit_1": 64, "dropout_1": 0.30000000000000004, "unit_2": 64, "dropout_2": 0.5, "learning_rate": 0.0005}, {"trial_id": "06", "score": 0.7374301552772522, "unit_1": 256, "dropout_1": 0.1, "unit_2": 32, "dropout_2": 0.1, "learning_rate": 0.001}, {"trial_id": "07", "score": 0.7358620166778564, "unit_1": 64, "dropout_1": 0.4, "unit_2": 32, "dropout_2": 0.30000000000000004, "learning_rate": 0.0005}, {"trial_id": "10", "score": 0.7314515113830566, "unit_1": 64, "dropout_1": 0.2, "unit_2": 32, "dropout_2": 0.2, "learning_rate": 0.0005}, {"trial_id": "08", "score": 0.7266490459442139, "unit_1": 256, "dropout_1": 0.2, "unit_2": 32, "dropout_2": 0.5, "learning_rate": 0.0005}, {"trial_id": "15", "score": 0.7237086892127991, "unit_1": 128, "dropout_1": 0.30000000000000004, "unit_2": 32, "dropout_2": 0.30000000000000004, "learning_rate": 0.0005}, {"trial_id": "13", "score": 0.6792119741439819, "unit_1": 256, "dropout_1": 0.1, "unit_2": 128, "dropout_2": 0.2, "learning_rate": 0.0001}, {"trial_id": "12", "score": 0.6370675563812256, "unit_1": 128, "dropout_1": 0.30000000000000004, "unit_2": 128, "dropout_2": 0.5, "learning_rate": 0.0001}, {"trial_id": "01", "score": 0.6227580308914185, "unit_1": 128, "dropout_1": 0.5, "unit_2": 64, "dropout_2": 0.4, "learning_rate": 0.0001}, {"trial_id": "14", "score": 0.6171714067459106, "unit_1": 256, "dropout_1": 0.1, "unit_2": 32, "dropout_2": 0.4, "learning_rate": 0.0001}, {"trial_id": "04", "score": 0.6133490204811096, "unit_1": 128, "dropout_1": 0.30000000000000004, "unit_2": 32, "dropout_2": 0.5, "learning_rate": 0.0001}]